EndNodes_1,EndNodes_2
1,1338
2,209
2,1033
3,97
3,1010
3,1270
4,917
5,686
5,1289
6,465
6,764
6,1343
7,293
7,631
7,723
7,845
7,937
7,1145
8,61
9,319
9,414
9,629
10,972
10,2632
11,611
12,885
12,1895
13,1285
14,560
15,1242
16,345
17,429
18,473
18,978
18,1338
19,453
20,125
20,1079
21,999
22,114
22,772
23,573
23,3650
24,531
25,189
25,587
25,598
25,779
25,1086
26,606
26,882
26,1439
26,1570
27,220
27,446
27,481
27,769
27,1001
28,92
29,737
30,264
30,334
30,1037
31,1131
32,715
32,716
32,797
33,64
33,978
34,36
34,1167
35,702
35,847
35,2591
36,343
36,1166
37,390
37,867
37,900
37,1144
38,85
39,61
39,242
40,904
41,1218
41,1276
42,124
42,5244
43,1237
43,3080
44,140
44,167
44,428
44,447
45,61
46,648
47,719
48,937
48,4826
49,228
49,962
49,4597
50,426
50,550
51,472
51,3635
52,170
52,2356
53,573
53,1180
54,133
54,342
54,1294
55,410
55,836
56,1076
57,1341
58,792
59,1087
60,268
60,565
60,950
60,1017
60,1327
61,992
61,3528
62,1100
62,1237
62,1728
63,188
63,709
63,920
64,1426
64,1701
65,1266
65,5522
66,1319
66,3289
67,449
68,271
69,776
69,1024
69,1218
70,138
70,829
70,1142
70,1249
71,181
71,342
71,722
72,93
72,260
72,405
72,552
72,991
72,1073
72,1124
72,1191
73,118
73,197
73,790
73,812
74,273
74,693
74,1101
74,1159
75,197
76,861
76,4988
77,182
77,737
77,1094
78,1288
78,4608
79,463
79,2366
80,397
80,1161
81,429
82,905
82,1029
82,1310
83,286
83,952
83,1230
84,1260
84,1563
85,453
85,1357
86,554
86,879
86,1090
86,1948
87,1317
88,475
88,1120
89,399
90,742
91,886
91,941
92,944
93,318
93,346
93,390
93,474
93,507
94,809
94,3064
94,3804
95,224
95,486
95,998
95,1113
95,1261
95,1343
96,140
96,385
96,1361
98,1240
99,288
99,563
100,137
100,510
101,1054
101,2853
102,689
102,842
102,1228
103,177
104,106
105,1077
105,1938
106,735
106,1762
106,4179
107,607
107,1029
108,170
108,426
109,931
109,3649
110,789
110,790
111,710
111,764
111,891
111,1095
112,485
112,753
113,204
113,212
113,398
113,734
113,1248
115,524
116,125
117,818
117,968
117,5477
117,5595
118,572
119,311
119,687
119,2922
120,563
121,953
122,403
123,597
124,228
124,531
124,858
124,871
124,1119
125,307
125,433
125,612
126,766
126,940
126,941
126,1139
127,976
127,1175
128,518
129,346
129,1222
130,378
130,520
130,547
131,1224
131,5213
131,5239
132,324
134,788
134,1737
135,539
135,555
135,872
135,1202
136,1247
137,578
138,936
138,1284
139,548
140,198
140,1166
141,561
142,177
142,3238
143,1156
144,531
144,3629
145,176
145,235
145,1770
146,225
146,767
147,915
147,1319
148,690
148,963
149,794
149,983
150,312
150,371
150,823
150,1192
151,615
151,5378
152,627
153,638
153,712
153,947
154,273
155,555
155,4349
156,379
157,718
158,764
158,5325
159,380
160,184
160,366
160,635
160,745
160,1036
160,1082
161,779
161,5503
162,725
162,1508
162,3174
162,3948
163,487
163,667
163,887
164,1132
164,3714
165,603
166,1151
166,2443
167,504
168,1293
169,830
170,961
170,1350
171,274
172,189
172,836
173,376
173,944
173,5049
174,412
174,2650
175,986
175,1369
176,1898
176,4764
177,671
177,4918
178,446
179,1073
180,576
181,708
181,3227
181,4636
183,555
184,1188
185,675
186,796
187,317
187,828
187,864
188,203
188,217
188,321
189,438
189,650
189,918
190,1036
191,532
191,892
192,352
193,350
193,744
193,977
193,1032
193,1110
194,513
194,2583
194,5435
195,348
195,2901
196,1149
196,3572
196,5167
197,199
197,377
197,593
197,959
198,371
198,484
198,849
198,1101
199,1215
200,671
200,813
201,1132
202,537
202,1030
202,1101
202,1339
203,493
203,1102
205,448
205,871
205,1131
205,1304
206,456
206,1011
207,621
207,929
208,1218
208,1290
209,403
209,659
209,1137
210,516
210,3715
211,884
211,2152
212,980
213,468
213,838
214,305
214,355
214,856
215,516
216,748
216,2137
217,868
218,957
218,1076
219,309
219,435
220,269
220,667
220,2131
221,253
221,892
221,5316
222,1014
222,1321
222,4783
223,354
223,1058
223,1138
223,2906
225,2861
226,1183
227,467
227,683
228,5550
229,789
229,1957
230,706
230,849
230,1028
231,313
231,374
231,483
231,573
231,787
231,1277
232,301
232,332
233,828
233,2249
233,3520
234,598
234,822
234,1229
234,1346
235,397
235,2267
235,2559
236,688
236,953
237,771
237,2177
238,274
238,678
238,855
238,1356
239,1032
240,637
241,761
241,2045
242,2539
242,4633
243,1307
244,522
245,894
245,1158
246,466
246,1903
247,816
247,3907
247,5079
248,870
248,1088
249,636
249,1246
250,338
250,413
250,1197
251,489
252,635
252,885
252,1031
252,1069
253,1515
253,1880
253,2364
254,1181
254,1255
255,380
255,498
255,743
256,1028
256,3833
257,1063
258,611
258,824
258,1099
258,4429
259,469
259,1335
261,1183
261,1219
261,1247
261,1254
262,388
263,620
263,691
263,865
263,880
265,383
265,3938
266,284
266,766
267,602
268,2141
268,2295
268,3838
269,1177
269,5011
270,1318
270,2408
270,2566
270,4051
270,4114
271,531
272,552
272,2161
273,430
274,393
274,495
274,772
274,1100
274,1257
275,656
275,971
275,1048
275,2118
276,861
277,1134
277,1602
277,2640
278,598
279,391
280,371
281,620
281,1630
282,511
283,695
283,1045
284,660
284,943
284,1358
285,444
286,853
287,558
289,651
289,743
290,821
290,855
290,4218
291,510
291,1255
292,1102
293,538
293,1303
294,464
294,609
294,839
294,1070
295,1231
296,902
296,1065
296,2061
297,373
297,471
298,340
298,1131
299,1010
300,372
301,925
302,1163
302,2353
303,1302
304,512
304,1200
305,1874
306,1087
306,1343
308,1118
310,1046
310,1814
312,501
312,4690
313,575
313,627
313,684
313,796
314,839
315,766
315,964
315,1323
316,1340
318,674
318,923
319,454
319,819
320,381
320,480
321,445
321,1342
322,1099
322,5161
323,543
323,742
323,759
323,1296
323,3544
324,617
324,797
324,1288
325,1351
326,707
326,1357
326,3100
327,1266
328,667
328,2639
329,479
329,3350
329,3582
330,1117
331,488
333,502
334,1160
335,729
335,1152
335,1847
335,5234
336,521
336,1460
336,3267
336,5567
337,390
338,3055
339,1132
339,1158
340,1738
340,2915
340,3869
341,551
342,1357
343,4957
344,571
344,871
344,2747
345,368
345,517
345,535
345,831
345,1118
346,475
346,798
346,1166
347,365
347,780
347,1076
347,1273
347,1355
348,678
348,1072
349,825
349,1115
351,1034
352,686
352,917
352,1103
352,1161
352,1285
353,407
355,409
355,546
355,727
355,902
355,1357
356,979
356,1081
356,1275
357,798
358,895
358,975
358,1020
359,768
360,1271
361,372
361,676
361,1325
362,878
362,1281
363,769
363,1007
363,1214
364,925
365,1121
365,1129
365,1341
366,615
366,965
366,1010
366,1321
367,395
367,604
367,3742
368,619
368,5510
369,600
369,606
369,632
369,1036
369,4428
370,433
370,635
370,1264
370,1320
370,1373
371,498
371,599
371,1293
372,415
372,544
372,1109
373,814
375,1281
376,1946
377,400
377,2764
379,407
379,449
379,1338
381,1245
382,1344
383,906
383,1068
384,1037
385,560
385,719
385,1066
385,1345
386,916
386,1001
387,800
388,779
388,1012
388,1227
389,599
390,620
390,628
390,1362
391,694
392,570
393,2105
394,895
394,1297
395,679
395,890
395,3698
396,1338
399,1203
400,2051
401,583
402,1134
404,502
404,1230
404,4470
405,4689
406,1085
406,3053
406,3115
407,817
408,750
408,1038
408,2708
410,411
410,618
410,652
410,4844
411,1956
411,4889
412,1150
412,1285
413,1000
413,1600
413,4724
415,511
415,790
415,970
415,1009
415,1070
415,1357
416,640
416,2535
417,1203
418,1069
418,4147
419,592
419,3862
420,1068
421,435
421,1186
421,2546
422,667
422,938
422,1329
423,441
423,529
423,723
423,1146
424,463
424,1108
425,511
425,728
425,942
427,1230
427,4221
429,617
429,736
429,1371
430,1104
431,1023
432,670
432,1095
432,3632
433,1166
434,555
434,605
434,648
434,859
434,1008
434,1374
435,935
435,993
435,1292
436,1147
436,1493
436,4900
437,606
437,3312
438,818
439,788
440,914
442,748
442,5065
442,5453
443,739
443,4352
444,795
444,813
444,1061
444,1244
449,521
450,618
451,1118
451,3107
452,786
452,958
452,1363
452,1374
453,834
453,1052
453,1185
454,1111
454,1134
454,1218
455,540
455,705
455,1308
456,3608
457,667
457,1316
458,631
459,973
459,2673
460,1143
461,978
461,3557
462,621
466,472
466,1350
467,1206
467,4661
468,2037
468,4650
469,1526
469,5564
470,513
470,936
470,969
471,1340
472,4261
473,1238
474,516
474,794
474,1094
475,1041
475,1335
476,917
477,1169
477,1179
477,4156
478,791
478,4096
479,805
479,1195
481,1288
482,955
482,1112
482,1300
483,1364
483,2126
484,792
485,999
486,835
488,637
488,771
489,883
489,1118
490,533
490,3969
491,1045
492,587
492,1116
494,959
494,1336
495,770
495,1368
496,1010
497,808
497,4798
497,5014
498,787
498,829
498,950
498,1360
499,718
499,1214
500,1301
501,658
502,745
503,548
504,4524
505,1145
506,603
506,3870
506,3961
507,583
508,724
509,1255
509,2253
510,672
511,1193
512,1093
512,1330
513,664
513,1050
514,1004
514,3626
515,1207
515,1221
515,1324
517,595
517,749
518,1153
519,1171
519,4664
520,1060
520,1063
521,3426
522,1230
523,1094
524,776
524,5238
525,1077
526,1016
527,1191
528,586
528,756
528,940
528,3510
530,1260
530,2628
531,1372
532,2104
532,2292
533,1203
534,874
535,1597
536,594
536,977
537,815
537,1068
538,4903
539,1232
541,1060
541,1129
541,1328
542,687
542,1039
543,588
543,3342
544,1189
545,1317
545,1885
546,897
547,636
548,754
548,1037
548,1302
548,1338
549,601
549,996
549,1305
549,3392
550,5152
551,847
552,1254
553,885
554,588
554,665
555,1051
555,1260
556,561
556,597
557,931
558,868
558,1452
559,905
560,925
560,1127
562,724
562,808
562,973
563,849
563,892
563,910
563,928
563,1169
564,649
564,1158
564,1243
564,2331
565,3423
566,917
566,2225
566,2643
567,579
567,1141
567,4229
568,989
568,1292
569,811
569,1369
570,741
570,1163
571,1168
573,582
573,703
574,1049
574,1343
575,3020
576,740
576,1277
577,949
579,840
579,1067
580,1045
580,2038
581,991
581,1769
581,1784
582,985
584,903
585,720
586,2634
586,3596
586,4859
587,1211
587,1337
589,866
589,3551
589,3850
590,946
590,1052
591,1374
592,687
595,4201
596,1089
597,786
597,1315
598,1067
599,1062
600,4225
601,790
601,1046
601,1165
602,877
602,1182
603,788
604,631
607,766
607,1093
607,1194
607,1272
608,1289
609,2039
610,1280
611,1206
612,4275
613,939
613,1152
614,1230
614,3135
616,1013
616,4056
616,4346
617,648
617,685
617,688
617,700
618,1457
619,720
619,762
621,4745
622,936
622,4979
622,5010
623,1104
623,1318
624,1006
624,1291
625,676
625,1220
625,1253
625,1259
625,1311
626,1127
627,1266
628,2935
630,721
632,954
632,4803
633,946
633,1226
633,1265
634,743
634,4444
636,861
637,706
637,717
637,1078
637,1969
639,991
640,934
640,1158
641,1144
642,955
643,1178
644,1132
645,905
646,731
646,4131
647,1054
648,1128
649,908
649,925
652,1383
652,2007
652,2342
652,3377
652,5474
653,1043
653,2852
654,967
654,1298
654,2355
655,793
656,964
657,1056
657,3045
657,3648
657,4718
657,5109
657,5195
657,5482
658,2091
658,2186
658,3196
660,4224
661,1271
662,1174
663,967
664,3936
666,1158
668,778
669,798
669,889
670,1887
670,3865
673,961
674,4804
675,682
675,874
675,995
675,1239
676,806
676,972
677,1089
680,757
680,981
680,1245
680,1612
681,1133
682,4858
683,2974
683,3300
683,3982
683,4676
684,932
685,881
686,1039
687,3875
689,1166
690,896
691,1133
691,4307
692,750
694,1180
694,2257
696,1051
696,5556
697,1273
698,1350
699,1037
699,1771
699,2156
699,4447
700,712
700,758
701,1245
701,2928
702,782
702,1024
702,1042
702,1258
703,1075
704,1163
704,1203
705,5541
706,788
708,3993
709,866
709,967
709,1149
709,1157
709,1210
710,911
711,990
711,1340
711,2851
712,777
712,778
713,741
713,3231
714,1175
716,5448
719,1291
720,1292
721,944
722,3256
722,4946
724,1285
725,1226
725,1620
725,5197
725,5377
726,1117
726,4716
726,5292
729,1118
730,746
730,1123
730,3593
731,955
732,1054
733,1067
733,1129
734,972
735,872
735,988
735,1352
735,1545
736,3316
737,1071
738,799
738,818
739,1317
744,914
746,1255
747,1075
747,1301
747,3743
748,764
750,854
751,1260
751,3902
751,4063
752,1350
753,1051
755,968
755,5015
756,3825
759,2024
759,4695
760,1288
760,4516
761,1008
761,5394
763,1209
763,3611
764,849
764,904
764,1044
764,1203
765,1185
765,1198
766,1114
767,1029
768,1021
768,1283
768,4963
770,1170
772,833
772,1154
772,1374
773,1268
774,797
775,1028
778,1216
781,1365
781,3012
781,3770
783,1341
784,816
785,1109
788,907
790,1286
791,1345
793,930
794,1201
795,1345
796,1056
797,1091
797,1263
798,860
799,2263
799,2644
799,4409
800,951
800,1060
800,1242
801,1319
802,1136
802,1657
802,3486
803,1281
804,1073
805,992
807,1174
807,4617
807,4874
809,1245
809,1333
810,1343
816,1258
817,3781
817,3783
819,1002
820,1230
822,1171
824,1197
825,1078
826,1210
827,1348
827,4256
828,867
829,929
829,1108
829,1206
829,1281
829,1350
830,977
832,869
834,841
835,3269
836,873
836,1240
837,992
838,941
840,1871
841,895
842,1172
842,1223
843,1352
843,3274
844,1199
846,975
846,1083
846,1348
847,1092
847,3609
848,936
849,1175
849,1213
850,1270
850,4103
851,1097
852,1254
852,5116
853,2041
857,1148
857,2325
858,2275
859,2595
861,1018
862,925
863,1008
863,1137
866,1370
867,1022
869,937
870,1187
870,2648
871,977
871,1054
874,1028
875,1093
875,5091
876,1118
876,1683
876,4271
876,4791
876,4794
877,1005
878,2236
878,2783
879,993
883,1682
883,2618
883,3169
884,1040
884,1287
885,945
885,5199
887,1958
887,2685
887,2694
888,1053
889,994
890,5433
893,984
893,1254
895,913
896,900
897,3746
897,4645
898,1354
899,1058
899,1332
900,987
900,1196
901,1323
901,3276
901,4507
903,953
904,5479
905,1326
905,2394
907,3225
909,1102
910,1374
912,1201
913,1199
916,5444
917,1131
917,1354
918,955
919,1089
919,3075
919,4140
920,3889
921,1158
922,1009
922,3780
923,1126
923,1883
924,942
926,1166
927,1355
930,1019
931,1096
933,1352
934,3450
934,4464
934,4909
937,1070
937,1166
940,992
940,1053
940,1221
940,1222
941,1334
942,1003
942,4424
944,1344
945,2969
946,2775
946,4720
948,1001
948,2054
949,977
956,974
959,1256
960,1025
960,1221
961,1026
961,1269
962,2540
962,3103
962,3590
964,4630
966,1224
966,1295
966,3374
967,997
968,1016
970,3615
971,1204
971,1233
971,3002
971,4155
971,4950
971,5256
974,1166
974,1255
977,1367
978,3896
980,3855
982,1205
982,4607
990,3243
992,1059
992,1359
998,1314
999,2278
1000,5388
1000,5528
1000,5581
1002,4813
1004,1010
1004,1353
1006,4326
1007,1155
1007,3158
1010,1252
1011,1337
1012,1212
1012,1702
1013,1020
1013,1729
1013,1754
1014,2485
1015,1214
1017,2431
1017,5319
1019,1124
1021,3116
1022,1224
1023,1129
1025,3394
1027,1110
1031,1234
1033,2326
1034,1321
1035,1094
1035,1331
1038,1169
1040,1345
1041,1085
1043,1137
1044,5122
1045,1101
1045,1282
1047,1254
1047,3681
1049,3505
1049,4882
1052,1268
1054,1125
1055,1338
1057,1288
1058,1307
1058,2099
1060,1151
1061,1064
1064,2623
1064,4044
1066,1306
1067,1080
1068,1077
1069,1097
1069,1366
1070,1089
1071,1153
1071,1349
1074,1118
1074,1299
1076,1147
1077,1538
1079,2842
1080,1374
1083,4673
1083,5287
1084,1303
1084,4451
1085,1308
1085,3529
1086,1313
1086,3113
1087,1164
1088,1090
1092,1107
1095,4781
1096,1301
1097,2019
1098,1101
1098,4868
1101,1292
1103,1245
1103,1281
1103,1347
1104,1205
1104,3094
1105,1221
1106,1221
1106,1517
1107,4856
1107,5425
1111,1231
1111,1235
1111,3657
1112,5114
1115,4291
1117,1295
1117,2627
1118,1225
1122,1275
1123,1406
1123,2196
1126,5465
1126,5521
1130,1149
1130,4311
1135,1363
1135,1685
1135,1755
1136,1217
1136,4805
1138,2164
1138,3156
1140,1205
1140,4743
1143,1222
1144,1691
1148,1306
1149,1264
1155,3270
1156,1162
1156,3891
1157,1312
1161,1174
1162,1194
1165,4534
1166,1279
1168,5452
1169,1173
1169,1309
1172,1369
1176,1334
1178,1194
1179,4029
1180,1250
1182,1337
1184,1356
1185,1302
1186,1794
1186,3171
1187,1453
1187,2070
1187,3541
1187,4393
1187,5557
1190,1278
1190,1358
1195,3764
1195,3765
1196,1476
1197,2527
1197,5039
1198,2558
1198,5207
1200,3413
1200,4917
1204,2888
1204,3438
1204,4226
1204,4741
1205,5434
1208,1264
1209,1344
1212,4685
1215,2497
1215,5001
1217,1307
1218,1245
1219,1271
1220,3645
1220,4837
1221,1307
1223,4705
1227,4039
1227,4289
1234,1344
1236,1344
1237,4192
1238,4940
1241,1367
1241,5004
1243,1766
1243,2488
1247,4070
1248,2939
1248,4058
1251,1272
1257,4998
1261,1267
1262,1343
1263,4828
1265,5575
1267,1322
1268,4042
1269,5103
1274,1334
1275,1285
1275,1365
1280,1299
1280,5068
1281,1340
1283,1302
1284,3678
1284,5473
1287,1551
1297,2264
1299,3876
1304,2143
1305,4088
1311,3287
1313,3126
1313,4394
1315,5312
1316,2564
1317,1351
1318,4640
1318,4709
1318,5553
1319,1357
1322,2015
1323,5442
1330,3883
1335,1376
1336,1896
1336,3382
1336,3707
1336,4399
1336,4506
1337,3209
1342,3637
1347,4732
1348,3149
1351,1355
1359,2323
1359,3018
1363,5370
1364,2836
1365,1872
1365,2848
1368,3308
1371,2584
1372,5590
1375,1723
1375,2435
1375,3440
1375,3552
1376,1505
1377,2539
1378,3735
1379,2069
1379,2145
1380,1477
1381,3242
1382,2566
1382,3599
1382,4128
1383,4767
1383,4823
1384,2286
1384,2591
1384,5329
1385,4519
1385,5219
1385,5271
1385,5568
1386,3783
1387,1412
1387,2434
1388,2190
1388,4758
1389,2920
1389,3110
1390,2688
1390,3852
1391,2786
1391,3220
1391,4546
1391,4846
1391,5310
1391,5550
1392,1830
1392,2220
1392,4201
1392,4377
1393,3982
1393,5412
1394,1643
1394,2598
1395,2175
1396,1827
1396,3932
1396,4252
1397,2617
1397,3709
1397,4459
1397,5331
1398,1469
1399,3130
1399,5059
1400,1705
1400,2306
1400,4069
1400,5008
1401,2353
1402,1860
1403,2788
1403,3708
1403,4386
1404,2500
1405,4864
1406,1500
1407,5562
1408,2489
1408,2491
1409,4356
1410,1950
1411,2072
1411,2327
1411,4158
1413,4081
1414,2360
1415,1735
1416,2743
1417,3562
1418,1512
1418,3280
1419,1463
1420,2302
1421,2897
1422,1512
1422,1923
1422,3167
1423,2104
1424,1502
1424,2022
1424,2576
1424,2927
1424,3391
1425,4099
1426,2020
1427,4311
1428,2656
1428,3197
1429,2690
1430,1525
1431,1855
1432,4716
1433,3332
1433,5340
1433,5479
1434,1986
1434,2633
1434,4465
1435,3024
1436,2190
1436,2877
1437,3169
1438,2560
1438,5328
1439,3368
1440,2352
1441,2994
1441,4782
1441,5485
1442,1447
1442,1770
1442,5539
1443,2579
1444,2026
1444,3274
1445,3277
1446,4521
1447,2892
1447,4513
1447,5130
1448,2714
1448,2784
1448,3206
1448,3900
1448,4250
1448,5251
1449,3390
1449,3470
1449,4409
1450,4251
1450,4888
1451,4305
1451,4841
1451,5280
1453,3253
1454,1667
1454,3865
1455,5296
1455,5333
1456,2049
1456,4522
1457,4808
1458,1621
1459,2734
1459,3924
1459,5163
1460,1647
1460,2844
1460,4912
1461,2175
1461,2651
1461,4315
1461,5006
1462,5287
1463,3485
1464,4568
1465,1952
1465,3229
1466,4503
1467,2446
1467,2654
1467,5081
1468,2069
1468,2293
1469,1972
1470,4394
1471,5207
1472,2800
1473,1778
1473,2403
1473,2845
1474,3703
1474,4242
1474,4422
1475,1655
1475,3355
1477,3765
1478,4980
1479,5313
1480,2800
1481,1585
1481,5192
1482,3294
1483,3349
1483,4789
1484,2268
1485,4293
1486,3669
1486,4442
1487,4852
1488,5035
1489,1751
1490,2118
1491,1594
1492,4945
1492,5446
1493,3333
1493,4701
1494,4124
1494,4187
1495,2912
1496,1827
1496,5454
1497,5589
1498,2109
1498,2732
1499,5593
1500,3489
1501,3464
1502,2128
1503,4311
1503,4935
1504,1855
1505,4231
1506,1839
1506,2656
1506,3790
1506,4906
1507,4581
1508,3501
1508,5545
1509,1911
1510,3434
1510,5303
1511,4260
1511,4599
1512,2938
1513,2530
1513,4087
1514,2022
1514,2407
1515,4746
1516,3661
1517,3928
1518,1636
1519,1660
1519,2172
1520,2487
1520,4549
1521,1956
1522,4434
1523,4322
1524,1794
1525,4699
1526,2324
1527,5332
1528,1838
1528,2139
1528,2541
1528,3831
1529,2007
1529,3261
1529,3535
1530,2842
1531,5182
1532,3641
1533,1634
1533,4113
1534,4327
1535,3136
1535,3425
1535,3607
1535,4649
1536,4233
1537,2954
1539,3906
1540,2093
1540,2435
1541,2185
1541,5117
1542,2958
1542,4480
1543,3822
1543,5444
1544,4674
1545,2393
1545,3076
1546,2982
1546,3497
1546,4409
1546,4551
1547,4237
1548,3955
1548,5576
1549,5018
1550,3720
1551,4130
1552,3563
1552,4216
1553,2759
1553,3169
1554,3325
1555,3421
1555,4187
1555,5564
1556,4619
1557,4327
1557,5055
1558,3918
1558,3975
1558,4070
1559,2820
1559,3204
1559,5335
1560,5317
1561,5013
1562,1911
1563,3277
1564,1982
1564,3991
1565,3325
1566,1745
1567,1972
1568,2358
1568,4898
1569,2064
1569,3150
1570,4958
1571,1992
1572,2623
1573,4425
1574,1983
1574,4942
1575,2879
1575,4883
1576,2546
1576,5051
1577,1653
1577,3725
1578,1732
1578,2361
1578,4583
1578,4698
1579,2537
1580,5114
1581,4296
1582,3386
1583,3717
1584,1930
1584,2291
1584,4094
1584,5324
1585,5216
1586,3950
1586,4293
1586,5149
1587,2021
1588,4776
1589,5404
1590,2240
1590,3879
1590,5054
1591,4129
1591,5017
1592,2414
1592,2536
1592,5510
1593,2194
1593,3951
1594,3367
1594,5324
1595,3322
1596,3532
1596,5111
1598,3690
1599,3798
1599,3913
1600,4276
1600,5419
1601,4957
1601,5242
1602,1855
1602,5562
1602,5580
1603,3075
1604,2385
1604,2897
1604,3156
1604,3242
1604,3514
1605,3729
1606,2644
1607,2635
1607,2842
1607,4061
1607,4651
1608,4269
1609,3466
1610,4238
1611,2457
1611,3471
1612,2914
1613,2506
1614,1900
1614,4039
1614,5492
1615,1622
1616,1829
1616,3664
1616,5033
1617,2521
1618,1665
1618,3711
1619,2692
1619,4209
1620,2712
1620,3168
1620,3201
1620,3581
1621,3619
1622,2371
1622,3974
1623,4163
1624,4106
1624,4418
1625,2589
1625,4130
1626,2104
1626,3784
1627,2021
1628,2529
1629,4056
1631,1635
1631,1711
1632,3087
1632,3839
1633,2590
1633,3849
1634,2962
1634,3731
1635,4405
1635,4503
1635,5471
1636,2807
1637,4475
1638,1808
1638,2096
1638,2682
1638,3371
1638,3999
1639,5322
1640,4637
1641,5245
1642,2006
1642,2645
1644,1813
1644,4762
1645,4922
1646,3576
1646,3877
1648,3289
1649,2081
1649,5187
1650,5248
1651,2532
1651,3400
1652,1703
1652,4287
1653,1744
1653,3144
1654,5340
1655,3587
1655,4487
1656,1838
1656,4431
1657,2889
1657,4142
1658,3544
1658,4646
1659,4713
1659,4858
1660,3847
1661,3894
1661,4605
1661,4838
1662,1723
1662,5245
1663,3892
1663,3965
1663,4006
1663,4379
1663,4912
1663,5387
1664,2694
1665,2898
1665,3199
1665,3877
1665,5284
1666,4556
1668,5460
1669,4026
1669,4301
1669,5252
1669,5284
1670,3089
1671,2723
1671,5355
1672,3167
1672,4161
1672,4200
1673,5009
1674,3314
1675,3711
1675,4687
1676,4734
1677,4600
1678,3303
1679,1846
1679,1980
1679,2191
1679,2228
1679,4001
1680,3134
1681,3025
1681,3454
1682,2837
1683,1882
1683,5072
1684,3637
1685,4547
1685,5164
1686,2631
1686,5195
1687,3129
1687,5203
1688,3209
1689,5377
1690,2526
1690,5200
1691,3665
1691,3704
1692,2095
1692,4230
1692,5386
1693,4656
1694,1696
1695,4135
1696,4631
1697,1898
1698,2096
1699,3214
1699,4798
1699,5354
1700,3594
1700,3781
1700,4761
1700,5127
1701,1845
1701,2205
1701,2621
1701,2995
1701,4171
1702,5113
1703,4290
1704,4709
1704,5526
1706,1947
1706,4727
1706,5110
1707,4688
1708,2256
1708,4257
1709,3186
1710,4803
1712,1963
1713,2165
1714,3315
1714,4640
1715,2585
1715,3170
1715,3472
1715,4562
1716,3263
1716,4696
1717,3516
1718,2928
1719,2509
1720,5275
1721,3514
1722,2522
1722,4438
1724,3826
1724,4002
1725,2621
1726,2622
1726,4111
1726,4966
1727,4561
1728,4415
1729,2287
1730,2023
1730,2285
1730,3480
1730,4353
1731,2163
1731,2893
1731,4585
1731,4873
1732,4623
1732,4965
1733,1790
1733,3228
1734,3217
1735,1997
1736,2130
1736,2594
1736,3089
1739,3613
1739,4832
1740,2075
1741,3777
1742,3915
1743,4807
1745,3113
1745,4263
1746,3482
1747,2871
1747,3156
1748,3494
1749,3911
1750,1975
1751,3335
1751,4672
1751,5117
1752,2576
1753,2477
1754,2549
1756,2253
1757,2471
1757,4122
1757,4745
1758,3598
1759,3046
1759,4316
1759,4763
1759,4946
1760,3492
1760,5142
1761,2840
1761,5484
1762,3155
1762,3736
1763,4674
1764,3544
1765,2080
1765,4308
1766,3015
1766,5467
1767,3687
1767,5154
1768,3705
1768,4443
1769,5043
1770,3808
1771,2496
1771,2657
1771,2750
1771,3043
1771,3955
1771,4908
1772,5301
1773,4302
1774,2233
1775,3000
1776,4370
1776,5120
1776,5332
1777,3767
1779,1860
1779,4343
1780,2513
1780,5328
1781,3850
1782,5312
1783,4513
1783,5298
1785,2015
1785,4371
1786,4592
1786,5528
1787,1864
1787,1874
1787,4939
1788,3528
1788,4797
1789,2758
1789,3085
1789,4572
1791,2623
1791,2822
1791,5566
1792,4651
1792,5140
1793,3330
1794,2308
1794,3499
1795,2385
1796,3360
1796,3926
1796,4367
1797,2860
1798,3560
1799,4921
1800,2186
1801,4523
1802,2992
1803,3281
1803,5411
1804,2715
1804,4357
1804,5350
1805,3624
1806,3634
1806,4387
1807,4689
1809,5114
1810,3604
1811,3653
1812,2935
1813,2997
1814,2409
1814,5372
1815,4875
1816,2097
1816,3085
1816,3534
1816,5014
1816,5383
1817,2174
1818,2102
1819,2189
1820,4127
1821,3018
1821,3422
1822,3976
1822,5283
1823,2683
1824,2703
1824,5481
1825,2828
1825,3177
1825,3812
1825,4092
1826,2446
1826,3958
1826,4703
1827,3036
1827,3663
1827,5208
1828,5451
1828,5502
1829,2466
1829,3035
1829,4504
1831,2995
1832,2520
1833,3116
1834,2433
1834,2913
1834,4595
1835,2214
1835,3191
1835,5329
1836,3208
1836,5327
1837,3945
1837,4655
1837,4941
1839,3326
1840,4863
1840,5071
1841,2634
1841,4425
1842,2921
1842,3339
1843,2441
1843,3997
1844,2206
1846,2743
1847,2930
1848,3362
1849,3165
1849,4179
1850,4401
1851,2066
1851,3409
1851,3702
1851,4167
1852,5270
1853,5089
1854,2984
1854,5425
1855,3455
1856,2710
1856,3211
1857,1879
1857,3679
1858,5014
1859,4971
1861,3011
1861,4730
1861,5528
1862,2090
1862,2570
1862,3384
1862,3978
1862,4809
1862,4857
1863,2855
1863,4253
1865,2419
1866,1886
1866,2242
1867,3953
1868,2681
1868,3027
1869,2932
1869,3167
1870,4162
1872,2210
1873,2526
1873,4704
1874,3516
1874,3940
1874,4542
1874,5586
1875,3814
1876,4096
1877,2352
1878,3149
1879,4132
1881,4262
1882,5514
1884,4738
1886,1943
1888,2434
1889,2505
1890,3069
1891,3349
1892,3817
1892,5202
1892,5455
1893,2065
1893,3049
1893,5178
1894,3954
1894,3960
1895,1994
1895,3977
1895,4107
1896,2170
1896,2212
1896,2294
1896,5540
1897,4149
1897,4957
1898,4759
1898,4784
1898,5198
1899,2534
1901,5355
1902,2450
1902,3222
1902,4384
1902,4506
1903,3105
1903,5290
1903,5548
1904,5107
1905,3958
1906,4081
1907,4798
1908,4131
1908,5107
1909,2004
1909,2667
1909,2839
1910,4527
1910,5200
1911,2488
1912,4028
1913,2429
1913,2486
1913,3188
1913,3886
1914,4746
1915,2044
1915,2720
1915,4369
1915,5106
1916,2870
1916,2969
1917,4539
1918,3073
1919,2159
1919,4814
1920,2023
1920,4125
1921,3064
1922,3204
1922,4507
1922,5074
1923,5169
1924,2131
1924,2978
1925,2756
1926,3045
1927,3021
1928,2083
1928,4594
1929,3472
1931,2645
1932,2220
1932,3383
1932,4083
1933,2370
1933,5326
1934,2179
1934,4747
1935,3482
1936,2066
1936,4750
1936,4879
1937,3760
1937,4744
1938,2680
1938,3813
1939,2538
1939,5069
1940,2105
1941,3631
1941,4098
1942,5465
1943,2108
1944,4650
1945,2225
1945,4897
1945,5144
1947,2017
1947,4699
1947,5036
1948,4436
1949,2600
1949,4702
1950,3581
1951,2067
1952,3709
1953,4973
1954,2900
1955,3188
1955,3909
1955,4178
1956,2739
1956,4475
1956,4864
1958,3054
1959,3555
1959,5144
1960,3251
1961,3196
1962,3492
1962,3837
1962,5408
1963,2563
1963,4801
1964,3139
1964,3487
1965,3418
1966,2241
1966,4742
1967,2474
1968,4651
1970,3000
1971,2421
1971,3221
1972,3835
1972,5299
1973,4943
1974,2101
1974,2319
1975,3526
1975,4222
1976,3250
1977,2047
1977,4215
1978,3568
1978,4707
1979,4886
1980,2122
1980,2145
1980,2700
1980,5133
1981,2195
1981,2829
1981,3117
1981,5411
1982,2687
1983,3671
1983,4779
1983,5518
1984,2923
1984,3034
1984,3134
1985,3039
1986,4074
1987,2477
1988,2732
1988,3908
1988,4496
1988,5106
1988,5501
1989,3028
1989,4948
1990,2889
1991,2374
1992,4167
1992,5420
1993,3642
1994,3924
1995,3694
1995,3868
1995,5068
1996,5055
1997,3529
1998,4800
1999,4301
2000,2157
2000,2160
2000,4358
2000,5347
2001,2982
2002,2608
2002,3233
2003,4608
2005,5025
2007,2271
2007,2761
2007,5115
2007,5347
2008,4042
2008,4064
2009,5478
2010,4089
2010,4444
2011,2318
2012,3014
2012,4118
2013,2204
2013,3629
2014,2375
2014,2689
2014,4950
2016,2519
2018,2407
2019,3219
2019,5118
2021,2389
2021,2648
2021,4688
2022,4331
2022,4477
2023,3481
2025,3093
2025,4330
2027,3935
2027,4188
2028,2903
2028,4152
2029,3122
2030,3942
2031,5072
2032,5263
2033,2047
2033,4944
2034,2323
2035,4447
2036,2794
2038,2877
2039,2478
2039,4014
2039,4055
2040,3334
2040,3674
2041,3860
2042,3585
2042,4925
2043,4572
2044,2129
2044,3181
2044,5039
2046,3946
2047,4971
2048,2509
2048,4755
2050,2817
2052,5580
2053,2465
2053,3666
2054,4304
2054,5143
2055,4546
2056,4753
2057,3789
2058,4183
2059,3668
2059,5576
2060,2303
2060,3274
2061,4450
2061,4878
2061,4930
2062,3379
2063,3000
2064,2590
2066,2696
2066,3348
2066,4007
2067,4172
2067,4471
2067,5202
2068,5216
2069,2096
2070,3741
2070,4054
2070,4426
2071,2985
2073,4790
2074,4125
2075,3505
2076,2757
2076,3517
2077,5216
2078,3784
2079,4069
2080,3420
2080,3980
2082,2586
2083,4679
2084,3744
2085,2687
2086,4617
2087,5444
2088,5356
2089,5090
2090,2774
2090,4318
2090,5176
2091,3268
2092,2192
2093,3193
2094,5381
2095,4891
2095,5312
2097,5250
2098,3719
2099,4339
2099,4536
2100,4183
2101,4297
2102,3715
2103,2962
2103,4999
2104,2885
2106,5317
2107,2973
2108,2625
2108,4411
2108,4972
2108,5256
2110,3959
2110,4462
2111,4853
2112,2348
2113,2651
2114,4263
2115,5583
2116,2172
2117,4012
2118,4235
2119,2374
2120,2841
2121,4213
2122,2805
2122,4385
2123,3809
2123,5288
2124,5592
2125,4321
2125,4369
2126,5408
2127,2201
2127,2493
2128,2177
2128,2198
2128,3558
2128,5495
2129,3798
2129,4955
2130,2695
2130,5035
2130,5209
2131,3462
2132,2992
2132,4658
2133,5290
2134,2349
2135,4033
2135,5403
2136,3516
2138,2950
2139,2735
2140,2292
2140,3317
2141,4693
2142,3907
2144,2960
2144,4330
2145,3621
2146,3287
2146,3867
2146,5459
2147,2248
2147,2491
2148,2851
2149,3300
2150,4032
2150,4439
2150,4656
2151,3963
2153,3242
2154,4233
2154,4956
2155,3344
2157,2641
2158,3424
2158,5511
2162,5204
2163,4304
2165,4742
2165,4792
2166,4463
2167,4465
2168,5343
2169,3200
2169,4809
2170,4392
2171,3133
2171,3575
2171,5583
2172,2195
2172,2707
2172,3385
2173,2338
2173,4626
2173,5263
2173,5362
2174,2547
2174,2713
2174,2802
2174,4912
2175,3498
2176,3167
2178,3585
2179,3076
2180,2408
2181,3298
2181,3652
2182,2277
2183,2217
2183,5233
2183,5487
2183,5599
2184,3604
2185,2379
2186,2243
2186,2302
2186,3322
2186,4619
2186,4872
2187,4935
2188,5014
2189,2928
2191,3425
2192,2894
2192,3782
2193,4542
2194,3353
2194,3614
2195,3482
2195,4949
2195,5553
2196,4855
2197,3076
2199,2875
2200,3584
2202,4987
2203,3191
2203,5360
2204,4831
2205,2224
2205,4036
2205,4854
2205,4995
2206,3162
2207,2516
2208,2776
2209,2396
2209,3304
2209,3327
2209,3519
2211,2428
2211,3896
2211,5364
2212,2492
2212,2880
2213,4909
2215,2728
2215,3349
2215,3396
2215,4092
2216,2956
2218,4651
2219,2357
2221,3293
2221,5060
2221,5304
2222,5505
2223,3148
2223,5503
2226,3057
2227,4317
2229,3005
2230,4956
2231,3440
2231,4963
2231,5349
2232,3140
2232,5338
2233,4119
2233,4694
2234,3428
2234,4444
2235,2551
2235,4432
2235,5381
2236,3013
2237,2914
2237,2987
2237,5286
2238,3810
2238,5072
2239,5005
2243,5502
2244,5304
2245,2661
2245,3967
2246,3168
2246,4620
2247,4019
2247,4668
2248,4272
2250,3331
2250,3949
2251,2893
2252,4826
2253,2413
2253,3050
2254,3053
2254,3722
2255,4613
2255,5229
2255,5344
2256,2372
2258,2780
2259,3433
2259,5277
2260,4902
2261,3826
2262,2530
2263,3697
2263,4005
2264,2304
2264,4871
2265,3639
2266,4233
2266,5044
2268,2596
2268,3119
2268,5214
2269,4595
2270,3957
2270,5202
2272,3044
2272,3968
2272,4177
2273,5110
2274,3211
2274,3769
2274,4265
2274,5019
2274,5429
2275,5194
2276,2690
2277,2417
2277,3533
2277,4028
2277,4499
2277,4659
2278,4151
2279,4126
2279,4933
2280,2728
2281,5539
2282,3060
2283,4741
2284,4093
2286,3620
2286,5440
2287,2799
2287,4000
2288,4605
2289,5355
2290,4910
2291,5323
2291,5345
2292,4839
2293,3341
2296,2846
2297,3707
2298,4935
2299,4432
2300,4532
2300,5042
2301,3628
2303,3273
2305,4648
2306,4277
2307,4383
2308,4013
2309,3332
2310,4208
2311,3431
2311,3777
2312,2439
2312,3696
2313,5580
2314,4543
2314,4964
2315,2721
2316,3060
2316,3695
2317,4623
2317,5005
2318,2800
2318,3101
2320,3738
2320,5187
2321,4555
2321,4750
2322,3956
2324,3998
2325,4969
2327,2463
2328,4192
2329,3476
2329,4691
2330,4056
2330,5129
2330,5145
2330,5160
2332,3655
2333,3382
2333,3756
2334,2896
2335,5393
2336,4419
2337,2363
2339,2879
2339,3275
2339,4310
2340,5211
2340,5352
2341,2808
2342,3654
2343,2512
2343,4023
2343,4238
2344,3472
2345,4302
2346,5020
2347,2622
2347,3687
2347,5248
2348,4873
2349,3324
2349,5590
2350,3083
2351,3951
2352,4106
2352,5186
2352,5275
2353,3344
2353,4777
2354,3068
2354,3993
2354,4562
2355,3415
2355,3795
2356,4017
2356,5488
2357,2482
2357,2796
2359,3019
2359,3379
2359,4158
2359,4266
2360,3555
2361,4793
2361,5414
2362,4085
2363,2403
2363,5549
2364,4890
2364,4986
2364,5259
2365,2795
2365,5393
2367,2409
2367,5090
2368,2530
2368,3458
2368,4864
2369,3680
2369,5230
2370,3783
2370,4166
2371,2922
2371,5366
2372,5118
2373,4425
2374,5081
2376,2435
2377,3157
2377,4615
2378,4023
2379,2603
2380,3386
2381,3222
2382,2863
2383,2869
2383,3752
2384,3203
2384,3398
2384,4484
2384,4920
2385,3183
2385,5251
2386,5489
2387,3589
2387,4732
2388,3024
2388,3973
2390,3916
2391,4987
2392,3864
2394,3301
2395,3146
2397,3655
2398,3589
2399,4987
2400,4899
2401,2902
2402,2950
2402,4382
2402,4912
2403,2781
2403,3426
2403,4706
2404,3930
2405,3811
2406,2881
2408,2965
2408,3212
2410,4635
2410,4929
2411,3895
2411,5225
2412,3456
2412,4128
2415,3684
2415,3789
2416,2529
2416,2863
2416,3531
2416,3624
2418,2789
2419,5152
2420,4706
2422,4262
2423,5277
2424,4405
2425,3514
2426,2655
2426,3454
2427,4806
2429,5136
2430,2766
2430,4365
2431,2794
2432,5386
2434,4875
2436,4163
2437,4914
2438,3234
2438,5428
2439,4799
2440,4047
2441,4392
2442,2968
2444,2502
2445,2546
2447,2942
2448,2617
2449,5234
2451,3441
2451,5041
2452,4466
2453,2934
2453,5468
2454,2716
2454,4368
2455,3252
2455,3359
2456,4729
2457,2835
2458,5017
2459,3844
2460,2763
2461,3869
2461,4077
2462,3587
2464,4292
2464,4305
2465,5106
2467,3961
2467,4982
2468,3238
2468,5318
2469,2926
2469,5147
2470,5530
2471,5083
2471,5426
2472,3276
2473,4882
2474,4383
2474,5295
2475,3956
2475,4457
2476,4293
2477,4874
2479,2923
2479,3009
2479,3739
2479,4640
2480,3402
2481,5510
2483,5076
2483,5286
2484,4467
2490,3874
2491,2622
2493,2742
2493,4777
2494,2694
2495,3783
2495,5146
2497,4842
2498,5538
2499,4602
2499,4788
2500,4764
2501,3227
2501,5507
2502,3112
2503,3027
2504,4392
2505,2847
2505,4246
2505,5482
2506,4689
2506,5380
2507,3220
2508,5330
2510,4515
2511,3631
2514,5015
2515,4764
2516,4152
2517,4317
2518,2883
2518,3772
2518,4664
2518,4700
2519,3587
2519,3884
2520,2693
2521,3838
2521,4795
2522,3888
2522,4337
2523,3606
2523,5465
2524,4071
2524,4664
2525,5527
2526,3231
2527,2541
2528,2928
2529,3561
2530,2667
2531,4745
2531,5097
2531,5185
2532,3956
2533,4964
2534,2714
2534,3660
2536,4120
2537,3096
2537,5052
2538,4289
2541,3343
2542,4243
2543,4044
2543,4494
2544,4738
2545,5014
2546,3934
2547,4419
2547,4717
2548,3168
2548,4960
2550,3578
2550,3989
2550,5360
2552,2995
2553,2717
2553,3318
2554,2835
2554,3378
2554,3388
2555,4278
2555,4702
2555,5537
2556,4049
2556,4969
2557,3971
2557,5502
2558,2709
2558,4554
2558,4579
2558,4916
2558,5126
2561,3331
2561,4887
2562,3856
2563,2687
2563,3854
2563,4175
2564,4037
2565,3474
2566,3577
2566,3859
2566,4497
2567,5071
2568,3394
2569,4674
2569,5301
2569,5367
2571,5141
2572,3879
2573,2923
2574,2959
2574,4574
2575,2648
2576,4194
2577,3290
2577,3609
2578,4617
2578,4738
2578,5221
2579,3916
2579,4603
2580,2772
2580,3869
2580,4102
2580,5218
2581,4526
2581,5475
2582,3151
2582,4402
2583,3738
2583,5491
2586,5054
2587,4193
2587,4286
2588,3828
2590,3300
2590,5416
2591,2754
2591,3399
2592,2690
2593,2953
2594,2620
2594,5235
2597,3738
2597,5561
2598,2972
2598,3902
2598,3933
2599,4880
2600,4852
2601,2690
2601,2923
2601,5361
2602,2978
2604,5126
2605,5070
2606,4752
2607,5157
2608,5086
2609,4417
2610,5070
2611,3757
2612,4565
2613,4768
2614,2967
2614,4282
2614,5040
2615,4727
2616,4248
2616,5372
2616,5457
2619,5310
2621,4677
2621,5436
2622,3475
2622,3848
2622,3880
2622,4041
2622,4361
2623,4351
2624,5261
2626,4565
2628,5056
2629,5392
2630,5553
2632,4374
2633,2803
2633,4873
2634,2789
2634,5080
2636,3167
2636,3427
2636,5552
2637,3677
2638,4619
2640,3381
2642,4040
2643,2652
2644,4127
2644,5180
2645,3997
2646,4342
2646,4703
2647,4541
2648,3039
2648,5050
2649,5314
2650,4136
2650,4528
2651,2781
2651,4996
2652,4849
2653,2679
2653,4066
2653,4396
2653,5512
2655,2816
2658,4549
2659,2745
2659,4251
2660,3307
2661,4718
2662,2826
2662,3026
2662,4609
2662,4864
2663,3639
2664,3944
2665,2752
2665,3099
2665,3264
2666,3413
2668,5244
2669,4028
2670,4813
2671,2942
2671,2996
2672,4021
2672,5277
2674,3481
2675,2909
2675,3330
2676,5549
2677,5241
2678,5053
2678,5366
2679,5094
2680,3463
2681,4511
2682,3755
2683,4269
2684,4774
2686,3560
2688,3767
2691,4548
2693,3566
2693,4182
2693,4950
2694,4951
2696,4506
2696,4922
2697,5478
2698,4768
2698,5340
2699,3664
2701,3344
2701,3490
2702,4774
2704,3334
2704,5530
2705,5559
2706,2728
2708,3314
2710,4427
2711,2998
2713,4018
2714,2813
2714,2959
2716,4631
2717,4005
2717,4493
2718,4469
2718,5173
2719,3350
2721,3300
2721,4262
2722,4052
2722,5411
2724,2974
2724,5273
2725,3075
2726,3516
2726,4505
2727,2838
2728,2941
2728,3146
2728,5216
2729,2840
2729,3754
2729,5047
2730,4853
2730,5138
2731,3618
2733,4413
2734,3610
2736,4903
2737,5327
2738,3099
2739,4807
2739,4895
2740,5524
2741,5190
2744,2977
2745,3611
2746,3609
2746,3774
2746,4310
2748,5429
2749,4698
2751,4598
2751,5057
2752,5262
2753,3068
2753,3759
2753,5141
2754,3098
2755,5116
2756,3219
2756,3459
2757,3677
2758,4925
2758,5100
2760,5007
2760,5513
2761,4714
2761,5282
2762,5071
2763,3040
2763,5190
2764,5517
2765,4434
2765,4553
2765,5357
2767,3549
2767,3802
2767,4645
2768,5218
2769,4960
2770,4276
2771,4085
2772,3685
2772,4581
2772,4765
2773,2917
2775,2830
2775,3518
2775,4518
2776,3825
2777,3519
2778,2845
2779,4687
2780,3307
2780,5357
2781,4328
2782,3821
2782,4649
2782,5084
2785,2907
2785,3544
2785,3820
2787,4409
2788,3526
2788,3689
2788,5046
2790,3669
2791,5122
2792,4247
2793,3558
2794,5375
2795,5293
2796,4041
2797,4367
2798,3756
2800,3047
2800,5344
2801,3359
2804,4016
2806,3655
2807,2895
2807,3538
2807,4901
2808,3567
2808,4342
2809,4082
2809,4843
2809,5404
2809,5485
2810,4973
2811,4418
2812,3007
2812,3799
2812,4749
2813,4237
2814,3342
2815,4756
2815,4992
2817,3294
2818,3386
2818,5089
2819,3845
2820,4811
2821,5233
2823,3270
2823,3778
2824,5238
2825,4573
2826,4725
2827,2959
2831,5345
2832,5302
2832,5353
2832,5474
2833,4980
2834,5393
2835,3817
2836,2887
2837,4421
2838,4949
2840,3405
2840,3586
2840,4460
2840,5173
2841,3434
2841,4579
2841,5128
2843,3401
2843,4718
2845,3807
2846,3108
2846,4245
2847,3240
2849,5378
2850,4691
2851,4008
2852,3066
2852,3550
2852,5461
2854,5135
2856,3712
2857,3021
2858,4165
2858,4478
2859,3059
2859,3513
2860,4276
2862,3711
2864,2939
2864,4566
2864,4786
2865,5309
2866,3282
2867,3521
2867,4498
2868,4596
2868,5366
2868,5490
2872,3384
2872,5529
2873,3979
2873,5268
2874,3199
2874,3574
2874,4380
2875,5319
2876,3211
2877,4857
2878,3917
2878,4117
2878,5324
2880,3693
2881,4994
2882,4951
2884,4499
2885,4638
2886,3070
2886,5466
2889,4197
2890,4451
2891,4889
2892,3260
2894,3558
2895,4400
2896,3786
2896,4896
2896,5469
2898,3899
2899,3127
2899,3419
2899,4619
2900,4686
2900,5182
2901,5415
2902,5080
2902,5172
2904,3942
2904,4323
2905,4130
2906,3719
2907,4375
2908,4445
2909,4392
2910,3004
2911,3767
2911,5119
2912,4176
2914,3047
2914,5018
2914,5201
2915,3986
2916,5260
2917,4738
2918,3164
2918,5197
2919,3131
2919,4762
2920,4548
2920,4645
2921,2967
2921,4023
2921,4658
2922,4404
2922,4561
2923,4095
2924,4413
2924,5270
2925,4946
2925,5171
2926,2993
2926,3409
2928,5407
2929,3682
2929,4189
2929,5330
2931,4775
2932,4234
2932,4290
2932,5231
2933,3758
2933,5079
2934,3469
2934,3987
2935,4733
2935,4776
2936,3911
2937,4637
2938,2964
2940,3930
2940,4581
2941,3284
2943,3226
2943,5337
2944,3224
2944,5049
2945,3914
2945,5114
2946,3745
2946,4126
2946,4253
2946,4279
2947,2998
2947,3540
2948,3312
2949,5248
2949,5496
2950,5166
2951,4014
2952,3860
2953,3466
2953,4967
2953,5134
2954,4306
2955,5302
2956,3082
2956,5355
2957,3127
2957,4947
2959,4432
2961,4681
2961,5227
2962,3475
2962,4715
2963,3241
2963,5324
2963,5475
2966,3699
2967,3039
2968,3672
2968,4030
2969,4012
2970,4929
2971,4372
2972,3640
2973,3737
2973,4507
2973,4517
2973,5493
2974,4509
2975,5133
2976,3041
2977,3256
2977,3662
2977,3761
2979,3670
2979,4142
2980,5068
2981,5257
2983,3800
2985,4857
2986,3250
2986,3843
2988,3258
2989,4940
2989,4984
2990,5064
2991,3844
2991,4364
2994,3059
2994,3799
2994,3984
2994,5437
2994,5505
2996,5120
2997,3623
2998,5251
2999,5098
3000,3051
3000,4538
3001,3478
3003,3677
3003,5522
3004,3625
3004,5263
3005,4148
3005,4515
3006,3316
3007,5384
3008,3179
3008,3583
3009,3258
3010,3244
3010,3960
3010,4647
3011,5232
3013,5348
3014,5150
3014,5154
3016,4817
3017,3919
3017,4965
3021,4268
3022,4491
3023,4943
3024,3652
3024,4748
3024,4918
3025,3672
3025,4041
3025,4591
3027,3060
3027,4760
3027,5063
3028,5200
3029,4934
3030,3052
3030,3078
3030,4219
3030,4987
3030,5586
3031,3774
3031,5368
3032,4322
3032,5505
3033,5261
3034,4927
3034,5059
3036,5099
3037,4634
3038,5535
3039,3504
3039,3647
3039,4286
3039,4459
3040,4491
3041,3579
3041,4097
3042,4172
3043,4204
3046,3141
3046,4952
3047,3246
3048,5529
3049,5263
3050,4684
3051,4085
3051,5243
3051,5494
3054,5520
3055,3234
3055,4711
3056,3652
3056,4618
3057,3993
3057,4523
3057,4603
3057,5268
3058,4515
3059,4928
3061,3643
3062,5295
3063,3246
3065,4274
3067,5157
3069,3129
3070,3278
3070,3825
3071,4947
3072,3656
3073,4080
3074,3223
3075,4208
3076,3296
3076,5508
3077,3655
3077,4570
3078,4582
3079,4214
3080,3644
3080,4239
3081,4677
3083,3251
3083,3361
3084,5317
3084,5330
3086,5071
3087,5373
3088,4436
3089,4851
3090,5142
3091,5420
3092,5396
3093,3288
3095,3469
3096,4098
3096,4852
3096,5217
3097,4543
3098,5170
3100,4050
3102,3779
3102,3789
3102,5338
3103,5591
3104,3374
3106,5241
3107,4423
3107,4550
3109,5478
3111,3336
3112,4524
3112,4754
3113,3175
3113,4680
3114,4038
3117,4078
3118,4871
3118,5089
3120,5330
3121,3465
3121,4408
3121,4989
3122,3936
3122,4632
3122,5263
3123,4489
3124,4673
3125,4169
3125,4949
3126,4600
3127,3911
3128,5595
3129,5568
3132,4148
3133,3943
3134,3352
3134,4332
3136,4288
3137,3829
3138,4327
3138,5102
3139,3956
3139,4483
3139,4762
3139,4962
3140,4616
3142,5414
3143,4209
3144,3734
3145,4053
3145,4660
3145,4747
3145,5336
3146,3716
3146,4099
3146,4414
3146,5313
3147,4547
3152,4117
3153,5222
3154,4958
3154,4974
3156,4461
3156,4989
3156,5204
3156,5258
3158,3601
3159,4398
3160,3334
3161,3468
3162,3510
3163,3548
3163,5311
3166,3313
3167,3190
3167,5400
3169,4994
3170,4228
3172,4485
3173,5524
3174,5031
3175,4181
3176,4755
3178,5290
3179,3527
3179,4708
3179,5072
3180,4091
3180,4402
3182,5595
3184,3696
3184,4599
3185,4368
3186,4738
3187,3910
3187,5455
3188,5364
3189,4564
3189,5498
3190,3325
3190,4876
3192,4406
3194,4424
3195,4095
3196,4482
3198,4387
3199,3307
3199,3364
3199,4397
3202,4505
3203,5027
3204,3893
3204,5327
3205,4020
3207,5050
3210,3747
3211,3339
3211,4612
3213,5577
3213,5582
3215,4157
3215,4170
3216,4787
3217,3389
3217,4132
3217,5480
3218,5086
3221,3546
3221,4176
3223,5417
3224,4109
3225,4175
3227,4004
3228,4507
3230,4121
3230,4214
3231,4213
3232,3307
3232,3351
3233,4092
3234,3676
3235,3393
3236,3596
3237,3361
3237,5220
3239,3937
3239,5163
3243,5013
3245,4132
3247,5489
3248,3915
3248,4185
3248,4481
3249,3966
3250,3588
3250,4973
3252,3638
3252,4640
3253,4123
3254,4535
3254,4969
3255,5533
3257,3736
3259,5301
3262,5553
3264,4019
3264,4623
3265,3771
3265,4116
3265,4930
3266,4824
3271,3903
3271,4904
3272,4505
3273,5009
3273,5458
3276,4281
3278,3452
3278,4822
3279,4520
3282,3424
3283,3303
3283,3718
3285,5540
3286,5053
3290,3373
3291,4765
3292,4310
3293,5132
3294,3349
3294,4919
3295,4209
3295,5500
3297,5549
3299,4268
3300,5233
3302,4976
3303,4259
3304,4047
3305,4683
3306,4283
3306,4946
3307,3689
3309,3370
3310,3384
3311,3342
3311,4992
3312,4938
3313,4463
3314,3692
3316,4703
3318,3740
3319,4737
3320,4471
3321,4347
3321,5305
3323,3466
3324,4894
3325,3653
3325,4834
3325,5209
3326,4636
3328,4790
3329,4460
3331,3710
3334,4387
3336,3888
3336,4931
3337,4512
3337,4723
3338,4623
3339,3503
3340,4052
3343,3669
3345,4964
3346,5049
3347,5233
3351,3545
3351,5210
3353,4959
3353,5016
3354,4330
3356,4930
3356,5121
3357,4088
3358,5506
3359,4867
3361,4695
3362,4665
3363,4257
3365,5243
3366,4888
3367,3720
3368,5445
3369,5167
3370,3943
3370,4773
3372,4101
3372,4676
3375,4824
3376,3471
3377,4556
3379,5045
3380,4699
3381,4270
3382,4338
3384,3895
3387,4518
3390,3410
3393,3670
3394,5092
3395,5254
3397,3945
3398,4882
3400,4559
3402,3831
3403,4963
3404,3560
3406,4876
3407,3475
3407,4905
3408,3488
3408,4577
3408,4942
3409,4904
3411,3764
3412,4253
3413,3925
3413,4796
3413,5168
3414,5310
3416,4324
3416,5155
3416,5305
3417,4639
3418,3877
3420,4970
3420,5211
3424,3439
3424,4104
3424,5502
3426,4259
3426,4320
3429,3572
3430,4646
3431,5226
3432,4490
3433,3483
3433,4354
3434,4395
3435,5210
3436,3468
3436,3842
3437,4175
3437,5469
3441,4103
3441,4729
3442,5426
3443,4775
3444,4760
3445,3724
3446,4102
3447,3689
3448,3798
3449,4826
3451,4365
3452,4667
3453,3492
3454,4137
3455,5350
3457,5568
3459,3878
3459,4090
3460,3804
3461,3470
3461,3561
3462,4043
3462,4728
3462,4913
3463,3597
3464,5522
3466,5411
3467,4484
3469,5318
3470,3946
3470,4027
3471,4479
3473,4293
3474,4023
3475,4445
3475,4850
3477,4723
3478,4349
3479,4154
3481,4989
3482,4810
3484,5011
3485,5518
3491,3603
3491,4221
3492,5589
3493,4489
3493,4720
3494,5536
3495,4813
3496,4787
3500,5238
3502,3710
3502,4343
3502,5266
3503,3686
3503,5253
3506,4942
3507,4993
3507,5122
3508,4568
3508,5473
3509,3825
3510,3556
3511,4836
3511,5037
3512,5074
3515,3832
3515,5409
3515,5427
3519,4011
3521,5465
3522,3849
3522,5061
3523,4505
3524,4268
3525,4290
3526,4045
3526,4880
3526,5025
3526,5107
3530,4501
3532,4126
3532,5329
3536,4387
3537,4063
3538,4949
3538,5190
3539,4344
3540,3658
3540,5587
3541,3788
3541,3931
3542,4171
3542,5067
3543,4392
3543,5409
3545,3923
3546,4663
3547,5578
3551,3992
3552,4778
3552,5309
3553,5079
3554,5128
3557,4280
3559,5567
3560,4312
3560,4745
3561,4073
3562,3924
3564,4611
3565,3828
3566,4110
3566,5291
3567,5356
3569,4344
3570,5054
3571,4128
3573,3726
3573,3823
3573,4926
3579,3698
3580,4471
3584,5299
3585,4601
3587,4264
3588,4983
3590,4788
3591,3945
3591,4564
3591,5570
3592,4567
3594,4309
3595,4460
3595,4530
3596,4269
3598,4753
3599,4359
3599,5026
3600,4554
3602,3811
3602,4886
3604,3927
3604,4063
3604,5177
3605,4165
3609,4373
3609,5449
3611,4241
3612,3770
3613,3827
3614,5294
3616,4720
3617,3729
3617,3806
3617,4508
3618,5171
3619,3892
3622,4573
3627,3908
3628,3728
3628,5094
3630,4033
3630,4042
3633,3668
3636,4773
3637,3646
3637,4520
3637,5276
3637,5379
3639,3947
3639,4825
3641,4114
3642,4499
3643,4404
3645,5071
3646,4362
3646,4861
3648,5523
3650,4174
3651,5121
3652,3752
3654,5003
3655,4393
3656,4010
3657,4540
3657,5598
3659,5353
3660,4472
3660,4652
3661,3714
3663,3741
3665,4157
3667,5415
3668,4300
3673,3885
3673,5417
3674,4719
3675,4789
3679,3791
3679,5544
3680,4554
3680,4898
3683,4302
3685,4158
3685,4398
3687,4624
3687,4825
3688,4065
3689,4637
3690,4549
3690,4734
3690,4899
3690,5082
3691,4342
3693,5012
3695,4190
3695,4220
3696,4709
3699,4628
3699,5248
3700,4662
3700,4780
3700,5435
3700,5585
3701,4296
3701,4755
3704,5401
3705,3838
3705,5593
3706,4913
3706,5105
3710,4163
3710,4914
3712,4459
3713,3895
3714,5048
3717,4369
3720,4417
3721,5028
3721,5108
3722,4285
3723,5337
3724,3939
3724,4333
3725,4195
3725,4286
3727,4216
3729,4519
3730,4946
3732,3829
3732,4964
3733,4595
3735,4350
3735,5104
3736,4605
3739,4214
3739,4682
3741,4571
3744,5357
3747,4964
3748,4666
3749,3929
3749,4745
3750,5122
3751,4886
3753,3842
3753,4807
3753,4921
3756,5531
3757,4626
3757,4885
3759,4653
3760,4044
3761,5472
3762,5545
3763,5467
3766,4807
3767,4329
3767,4338
3768,3817
3769,4606
3771,5330
3773,4155
3775,3859
3776,5003
3777,4614
3781,4814
3781,5332
3783,3944
3785,5195
3787,5343
3789,5011
3792,5477
3793,4148
3793,5222
3794,4748
3794,4817
3796,4489
3797,5298
3799,5538
3800,4038
3801,5519
3802,5182
3803,4480
3804,5275
3805,3869
3808,5212
3809,4489
3814,5480
3815,3866
3816,5493
3817,5226
3818,4723
3819,3865
3823,4100
3823,5004
3824,5491
3825,4669
3826,4172
3827,5464
3828,4764
3830,4001
3830,4981
3833,4639
3833,4937
3833,5108
3833,5339
3834,5106
3836,4447
3838,4297
3839,5011
3840,5153
3841,5398
3844,3874
3845,4786
3845,5159
3846,4174
3851,5437
3853,4994
3856,4019
3856,4902
3856,5183
3857,4028
3857,4164
3857,4462
3857,4485
3858,5279
3858,5383
3861,3902
3861,5240
3863,4726
3864,4459
3865,5162
3866,4237
3870,5536
3871,4337
3872,4718
3873,4058
3874,3939
3874,4783
3875,4453
3877,5424
3881,4388
3881,5524
3882,4022
3884,4930
3884,5255
3884,5438
3887,3986
3890,3903
3895,5073
3896,4129
3897,5305
3898,4182
3898,4242
3901,4284
3901,5393
3903,4249
3904,4817
3905,4339
3906,4452
3906,5268
3908,4751
3911,4247
3912,4154
3912,4456
3912,5340
3915,5581
3917,5254
3917,5337
3920,4449
3921,4484
3922,4457
3925,4298
3926,4158
3940,4267
3941,4375
3943,4176
3943,4910
3944,4641
3944,5095
3945,5118
3951,5143
3952,5181
3953,4544
3953,5201
3954,4455
3955,4812
3956,4769
3962,4163
3963,5538
3964,4968
3966,5281
3968,4140
3968,4563
3969,5285
3969,5389
3970,4060
3971,4062
3972,5166
3972,5307
3976,4970
3981,5106
3983,4893
3983,5078
3983,5385
3985,4085
3988,5217
3989,5519
3990,5053
3990,5456
3993,4454
3993,4533
3993,4884
3994,5243
3994,5249
3995,4959
3996,4086
3996,5124
3998,4866
4003,4881
4009,4625
4009,5347
4010,4889
4011,4634
4011,4645
4011,5260
4014,5181
4015,4508
4015,4545
4016,5594
4020,5266
4021,4934
4022,4324
4024,5449
4025,4514
4025,4862
4027,4072
4027,4416
4027,4829
4029,4821
4031,4683
4034,4899
4034,5257
4035,5311
4036,4670
4037,4770
4038,5204
4039,5306
4039,5328
4040,4586
4040,4696
4041,4267
4044,4853
4046,5324
4048,5505
4055,4827
4057,4632
4059,4309
4060,4155
4060,4406
4063,4148
4064,5369
4065,4172
4066,4390
4066,5308
4067,4302
4068,5157
4069,4682
4075,4256
4076,4634
4079,4723
4080,4655
4081,5202
4084,4086
4084,5019
4085,5227
4088,4327
4090,4460
4091,4155
4091,4671
4091,5021
4091,5098
4092,5077
4093,4202
4093,4289
4098,5265
4099,4607
4099,5489
4102,4296
4105,4107
4107,4522
4108,4735
4112,4339
4115,5321
4117,4139
4118,5093
4118,5569
4119,4548
4126,5311
4129,4302
4133,5514
4134,4868
4134,4978
4134,5024
4135,5536
4135,5554
4138,5034
4138,5405
4140,4504
4141,4629
4141,4964
4143,4300
4144,4677
4145,4619
4145,4739
4146,5594
4147,4152
4149,5359
4150,4214
4151,4818
4152,5153
4153,4407
4153,5274
4154,5193
4155,4255
4155,4615
4155,5480
4158,4186
4158,4223
4159,5414
4160,4501
4162,4942
4164,4433
4166,4474
4166,5481
4167,4665
4167,4753
4168,4914
4172,4932
4173,4525
4176,5418
4180,4596
4183,4473
4184,4213
4186,4437
4188,4682
4191,4805
4194,4501
4195,4870
4196,4732
4198,4243
4199,4252
4200,4462
4201,5483
4203,4932
4204,4340
4205,5286
4206,4858
4207,5089
4209,5479
4210,4436
4210,4644
4211,4315
4212,4940
4213,5174
4214,5075
4214,5175
4215,4267
4216,4243
4216,4389
4216,5527
4216,5547
4217,4661
4218,4692
4218,5574
4223,4299
4227,5264
4227,5317
4229,5020
4232,4451
4233,4697
4234,5596
4236,4994
4237,4841
4240,4648
4240,4711
4240,5299
4242,5278
4243,4740
4243,4882
4244,4278
4245,4366
4245,5020
4245,5431
4247,4642
4250,4787
4251,5346
4254,4523
4258,5414
4261,4529
4264,5241
4266,4348
4266,5342
4268,5237
4268,5543
4269,5376
4273,5088
4274,5493
4278,5592
4279,5078
4280,4510
4285,5423
4289,4575
4289,4976
4291,4549
4291,5037
4293,4704
4294,5206
4295,4448
4303,4464
4304,5395
4306,5556
4313,4865
4313,5589
4314,5545
4316,5499
4317,5306
4319,5404
4322,5191
4323,5230
4324,4363
4324,4910
4325,4755
4327,4980
4330,4912
4334,4732
4335,4346
4335,5066
4336,5436
4337,5148
4341,5070
4343,5133
4344,4580
4345,4428
4354,4438
4354,4666
4355,5103
4356,5247
4356,5336
4360,4743
4361,5062
4363,4376
4365,4989
4367,4990
4369,4589
4369,4696
4369,4911
4369,5211
4372,4895
4378,4592
4378,5450
4381,4478
4381,4590
4383,4455
4385,4862
4385,5002
4387,5285
4388,5537
4391,5542
4393,5112
4395,4766
4396,5549
4401,4908
4403,4545
4404,5572
4409,4480
4409,4560
4410,5549
4412,4418
4414,4833
4418,4675
4420,5033
4421,5584
4425,4942
4426,5117
4428,5315
4430,5325
4430,5559
4435,5090
4438,4835
4438,5330
4440,4905
4441,4790
4441,4799
4444,4762
4446,5032
4446,5285
4448,4458
4448,5126
4449,5172
4450,4726
4454,5406
4455,4682
4457,4502
4460,4819
4463,5564
4466,4899
4467,4876
4468,4588
4471,5390
4473,4499
4476,5406
4478,4858
4480,5042
4484,5096
4486,4892
4486,5569
4488,5193
4490,4695
4492,4525
4495,5270
4497,4975
4499,4945
4499,5482
4500,4611
4500,5160
4501,5320
4505,5139
4508,5476
4516,4627
4521,5324
4522,5391
4524,4775
4525,4906
4529,4643
4531,5089
4534,5267
4536,5437
4537,4916
4539,4607
4539,4654
4541,4737
4543,4567
4544,5516
4548,5300
4548,5343
4552,5213
4555,4736
4557,5195
4558,4934
4561,5430
4564,4699
4565,5160
4569,5068
4573,4775
4576,5368
4578,4601
4578,4757
4579,5551
4580,5416
4584,5144
4587,4659
4588,4773
4589,4964
4589,5594
4593,4908
4595,4673
4600,4806
4603,5396
4604,5075
4610,4785
4610,5174
4611,4848
4611,5341
4621,5207
4622,4749
4630,5215
4631,5553
4636,5524
4639,5289
4640,5588
4646,5322
4647,4816
4655,5546
4656,4837
4657,5135
4659,4830
4662,4877
4663,5399
4665,5334
4672,5085
4676,5443
4678,4826
4679,5248
4682,5478
4683,5117
4691,4778
4695,5533
4697,5306
4700,5371
4707,4867
4710,5370
4712,5336
4721,5566
4722,5398
4723,5051
4724,4910
4725,5504
4731,5359
4735,4809
4737,5054
4737,5364
4742,5106
4752,5116
4753,4977
4755,5582
4760,4772
4760,4842
4762,5321
4771,4955
4772,5542
4774,5396
4777,5563
4786,5421
4800,5117
4801,4968
4802,4902
4813,4824
4815,4930
4818,4991
4819,4915
4820,5463
4824,5157
4826,5243
4830,5560
4832,5116
4840,5151
4842,5188
4845,4936
4847,5505
4853,5029
4859,5301
4860,5505
4869,5147
4875,4936
4875,5079
4881,5106
4882,5382
4884,5398
4886,5261
4889,5578
4893,5179
4893,5363
4907,5184
4908,5597
4913,5137
4917,5314
4922,5374
4923,5588
4924,5358
4925,5038
4929,5106
4943,5453
4945,4985
4949,5070
4950,5296
4953,5567
4954,5106
4954,5223
4958,5261
4961,5290
4961,5571
4963,5123
4965,5540
4969,5324
4973,5207
4977,5224
4997,5240
5000,5207
5005,5558
5006,5463
5010,5023
5022,5107
5030,5599
5034,5449
5039,5271
5049,5189
5049,5246
5054,5351
5057,5107
5058,5530
5063,5555
5064,5342
5069,5441
5072,5506
5080,5281
5087,5156
5087,5579
5088,5180
5098,5497
5099,5397
5101,5204
5103,5486
5104,5301
5106,5439
5108,5471
5108,5534
5111,5460
5125,5383
5130,5274
5131,5208
5135,5449
5137,5413
5151,5575
5152,5214
5158,5453
5161,5355
5163,5269
5165,5593
5184,5540
5196,5342
5205,5343
5206,5522
5207,5358
5226,5595
5228,5518
5229,5410
5233,5535
5236,5333
5237,5251
5246,5525
5251,5393
5251,5509
5256,5565
5258,5417
5263,5270
5266,5531
5272,5335
5297,5520
5301,5304
5306,5392
5316,5432
5322,5532
5337,5470
5340,5422
5341,5515
5365,5431
5402,5544
5446,5573
5447,5505
5462,5478
5513,5557
5542,5579
